qid,video_id,pred
0008-7,,D
0016-0,,The person is facing to the right side of the image.
0016-7,,A
0036-7,,C
0037-7,,B
0038-7,,D
0064-7,,D
0070-3,,"No, the person in the video pours the water twice."
0070-7,,D
0080-7,,A
0008-0,,"The main difference between the action of the last person in the video and the actions of the first two people is that the last person's actions are more dynamic, performative, and interactive with the camera. The first person is relaxed and engaged in eating and drinking outdoors, while the second person is focused on a task (opening a beer bottle) indoors. In contrast, the last person transitions from a potentially threatening gesture to a series of playful and friendly interactions, such as smiling, waving, making a peace sign, and expressing surprise, all directed towards the camera."
0081-7,,B
0008-1,,"The actions of the last person in the video (the man with the Coca-Cola) differ significantly from the other individuals. While the first man focuses on opening a beer bottle and the woman simply holds a beer bottle and looks down at it, the man with the Coca-Cola performs a series of playful and engaging gestures. These include holding the bottle with both hands, using a bottle opener, making a peace sign, a thumbs-up sign, mimicking the action of throwing something, and waving at the camera. These actions are more dynamic and interactive, making his segment stand out from the more static or single-action segments of the other individuals."
0008-2,,"No, the last person did not open the bottle without using a knife. He was only pretending to open the bottle with a knife and did not actually open it."
0083-7,,B
0099-7,,E. None of the above
0099-3,,"No, the video does not contain 10 zoomed-in close-ups of the geometric pattern. It shows a continuous close-up view of the pattern from Frame 10 to Frame 59."
0101-7,,C
0101-3,,"No, the man does not teleport in the traditional sense. Instead, he moves quickly and strategically from one hiding spot to another in the following order: bookshelf, cardboard box, under the couch, and finally under the blanket near the couch."
0101-2,,"No, the man does not teleport. He hides and reappears in different locations, creating the illusion of teleportation."
0113-7,,D
0113-2,,"No, there are no buildings being demolished in the video."
0113-3,,"Yes, only one building is demolished in the video."
0118-7,,D
0118-3,,"No, the person did not push the bottle with their hand to make it fall. The person released the bottle, allowing it to fall freely."
0127-2,,"Yes, there are four watches shown in the video."
0127-3,,"Yes, there are five watches shown in the video."
0127-7,,A
0008-3,,"No, the last person did not open the bottle with a knife. The first two people (a man and a woman) failed in their attempts to open the bottle, and the last person also struggled and ultimately gave up without successfully opening it."
0129-7,,D. None
0129-1,,
0129-3,,"No, there is only one man in the video."
0016-1,,"The person is consistently looking to the left side of the image throughout the entire 14-second clip. There are no noticeable changes in the direction of their gaze, and the person maintains a steady gaze to the left without any shifts or movements in their line of sight."
0142-7,,C
0152-7,,B
0152-2,,"Yes, the tool used to fix the pages in the video is a blue retainer."
0152-3,,"Yes, the tool used to fix the pages in the video is a rubber band."
0162-7,,B
0167-7,,B
0169-7,,A
0169-3,,No
0198-2,,"No, there are 13 photos labeled 'old me' in the video, not 12."
0198-7,,D. 13
0016-2,,"No, the person is not facing both sideways and forward due to photo editing. The video consistently shows the person facing sideways throughout the entire 14-second duration, with no noticeable changes in position or expression. There are no inconsistencies in lighting, shadows, or visible artifacts that would suggest any form of photo editing. The person's body posture and facial direction remain aligned and consistent, further confirming that the person is only facing sideways."
0036-0,,"The apparently slow-spinning machine can cut the zucchini so thinly due to its precision cutting mechanism, which includes a sharp blade, controlled blade speed, and additional features like a feeding mechanism. These elements work together to ensure that the zucchini is cut consistently and thinly, even if the overall machine appears to move slowly."
0016-3,,"No, the person is not facing forward because of the symmetry of the shoulders. The video clearly shows the person in a static profile view, facing to the right, with no changes in their position or appearance throughout the 14 seconds. The symmetry of the shoulders is not a factor in determining the direction the person is facing, as the person is clearly in a profile view facing to the right."
0036-1,,"The machine manages to slice the zucchini so thinly despite the blade appearing to spin slowly due to the combination of a sharp and well-designed blade, and a controlled feeding mechanism. The blade's sharpness ensures that it can cut through the zucchini with precision, while the controlled feeding rate maintains a consistent speed, allowing for thin and uniform slices. Even though the blade may appear to spin slowly, its sharpness and the controlled movement of the zucchini ensure that the slices are thin and consistent."
0036-2,,"Based on the provided video frames and the lack of visual evidence of the blade speed or a stroboscopic effect, it is not possible to confirm that the machine cuts the zucchini so thinly because the blades are spinning at a high speed, creating a stroboscopic effect. The thin slicing is likely due to the design and mechanism of the machine, which may include sharp blades and precise control over the slicing process. Additional information or a different perspective of the machine's operation would be needed to definitively answer this question."
0036-3,,"The machine is able to cut the zucchini thinly because of the sharpness of the blade. While the video does not provide specific information about the speed of the blade, the consistent production of thin slices suggests that the blade is sharp and effective, even if the machine is operating at a slower speed."
0037-1,,The video shows signs of artificial editing in two sections:
0037-0,,"At least two parts of the video have been artificially edited. These parts include the transformation of the red cup into a helmet and then into a bowl, and the glitching effect on the man's appearance starting from the 9-second mark."
0037-2,,"The video is likely edited in multiple parts to create the effect of video game glitches. The consistent and progressive application of glitch effects, such as the gradual distortion and pixelation of the man and the red cup, suggests deliberate editing. While there are no abrupt transitions or cuts, the smooth progression of the effects indicates that the video was carefully constructed to achieve the desired glitch aesthetic."
0038-0,,"The last person (the man in the first part of the video) was able to snap off the cap easily because he used the correct and standard technique of twisting the cap off the beer bottle. There were no prior attempts shown for this bottle, and the cap was likely in its original condition. The environment did not appear to have any significant impact on the cap's integrity. The man's straightforward and proper technique allowed him to open the bottle without any issues."
0038-1,,"The man was able to break off the bottle cap so easily with the knife because the knife provided leverage and a more effective tool for prying off the cap. Using the knife allowed him to apply force in a way that twisting with his hands could not achieve. The knife's edge and the prying action enabled him to overcome the resistance of the stuck cap, making it easier to remove."
0037-3,,"No, the video is not edited only in one part to create the effect of video game glitches. The glitch effects are present and evolve consistently throughout the entire sequence, starting with the red cup morphing and levitating, and then progressing to the man's image becoming increasingly pixelated and distorted. These effects are integrated smoothly and continuously, rather than being confined to a single part of the video."
0038-2,,"No, the man did not successfully break the bottle. The video clearly shows that after he swung the knife downwards towards the bottle, the bottle remained intact."
0038-3,,"No, the last person did not use a lighter as a lever to snap off the cap easily. The last person in the video was a man who was comedically mimicking the action of opening a Coca-Cola bottle with a knife, without using a lighter at all."
0064-0,,"The room went dark after the stick figure character closed the door because the light source, which was likely the light bulb on the wall, was either turned off or blocked when the door was closed. This sudden darkness adds a playful or suspenseful element to the scene, possibly indicating that the character is trying to hide or create a spooky atmosphere."
0064-2,,"No, the room did not go dark because the stick figure character closed the door, causing the lamp to fall. The darkness in the room is part of the setting and atmosphere of the scene, and there is no evidence in the frames that the character closed a door or that the lamp fell."
0064-3,,"Based on the provided frames, it is plausible that the room went dark because the stick figure character accidentally hit the light switch when closing the door. However, the video does not explicitly show the character interacting with a light switch, so this is an inference based on the sequence of actions and the immediate darkness that follows."
0064-1,,"The room became dark after the stick figure character shut the door because the lamp on the dresser, which was initially on, went off. The exact reason for the lamp turning off is not explicitly shown in the provided frames, but it could be due to the character turning it off, a power failure, or another event within the narrative of the video."
0070-0,,The person in the video poured the water **twice**. 
0070-2,,"Yes, the person in the video poured the water twice. The first pour filled the black mug, and the second pour caused it to overflow."
0070-1,,"The person pours water **two times** in the video. The first pour occurs from timestamps 2.0 to 7.0, and the second pour occurs from timestamps 10.0 to 12.0."
0080-0,,"There is no purpose for beating the balloon in the context of the video. The video demonstrates a science experiment where a glove is inflated using a chemical reaction between vinegar and baking soda. The balloons are only shown for comparison and are not involved in any action such as being beaten. The question ""What is the purpose of beating the balloon?"" does not apply to the content of the video."
0080-2,,"Yes, the purpose of hitting the balloon is to create a fun and interactive toy. The video shows the preparation and inflation of the balloons using a simple chemical reaction, and the balloons are decorated with faces, suggesting they are intended for a playful and engaging activity. While the act of hitting the balloons is not explicitly shown, the context and preparation strongly indicate that the balloons are meant to be used in a fun and interactive way."
0080-1,,"The balloon is hit to trigger the chemical reaction between the baking soda inside the balloon and the vinegar below. Hitting the balloon causes it to move and eventually descend towards the vinegar, allowing the two substances to mix and produce carbon dioxide gas. This gas causes the balloon to inflate or move, demonstrating the reaction. If the balloon is not hit, it will not reach the vinegar, and the reaction will not occur."
0080-3,,"No, the purpose of hitting the balloon is not to make it pop loudly. The video shows the preparation of a chemical reaction experiment where a yellow balloon filled with baking soda is attached to a small glove balloon filled with vinegar. The purpose is to mix the vinegar and baking soda, which will produce carbon dioxide gas and cause a reaction. Hitting the balloon is not shown in the video and is not necessary for the experiment to proceed."
0081-0,,"The man puts his hand on his face, likely covering his mouth, as a reaction to the woman's playful and engaging behavior. This action could indicate surprise, amusement, or a moment of contemplation in response to her gestures and expressions."
0081-1,,"The man covers his face with his hand likely as a reaction to the woman's enthusiastic and playful behavior, particularly her clapping. This gesture could indicate surprise, embarrassment, or amusement. The context of a staged or recorded setting and the woman's active engagement with the camera support this interpretation."
0081-3,,"No, the man did not put his hand on his face as part of a synchronized dance move. His actions appear to be spontaneous or reactive, and they do not align with the woman's movements in a coordinated way."
0081-2,,"No, the man did not cover his face to transfer the cat face filter to the woman. The filter appears on the woman suddenly while she is clapping her hands, and the man's actions (raising his hand) occur after the filter has already appeared on her. There is no clear indication of how the filter was transferred."
0083-1,,"The message conveyed by the daughter's repeated entries into the room is her unwavering enthusiasm and determination to keep the dog, despite her mother's initial resistance. This highlights her persistence and affection for the pet, contrasting with the mother's playful but firm reactions. The daughter's consistent excitement and care for the dog, even in the face of her mother's scolding, underscore her strong bond with the pet and her resolve to keep it."
0083-3,,"No, the video does not show the daughter repeatedly entering the room to announce the pet dog. Instead, the daughter makes one initial announcement, and the video then focuses on the subsequent interactions and reactions between her and her mother, which highlight cultural differences and the mother's strong reactions to the pet dog."
0083-0,,"The video does not show the daughter entering the room multiple times. Instead, it focuses on the interaction between the daughter and her mother after the daughter brings a dog into the room. The daughter's single entrance sets the stage for the mother's strong reaction and the subsequent conflict. The repeated scenes of the mother's firm instructions and disapproval highlight the intensity of her reaction and the daughter's attempts to plead her case. The video aims to humorously depict the stereotype of a strict Asian mother reacting to her child's decision to get a pet, emphasizing the generational and cultural differences in their perspectives."
0083-2,,"Yes, the daughter is trying to uncover her mother's true feelings about the pet dog by entering the room multiple times. Her consistent surprised or playful expressions and the timing of her entries suggest that she is attempting to observe and catch her mother in moments of affection or to gauge her true feelings about the dog. The mother's evolving reactions, from initial disapproval to eventual affection, support this interpretation."
0099-0,,There are two zoomed-in close-ups throughout the video. These occur from approximately 12 to 15 seconds and from approximately 16 to 19 seconds.
0099-1,,"The total number of zoomed-in close-ups in the video is 16, spanning from Frame 10 to Frame 25."
0099-2,,"Yes, there are two zoomed-in close-ups in the video, focusing on the geometric pattern. The first close-up occurs from 10.00 to 19.00 seconds, and the second close-up occurs from 17.00 to 56.00 seconds. Both close-ups highlight the intricate details of the intersecting lines and circles, converging towards a central point."
0101-0,,The man does not teleport in the traditional sense but rather moves discreetly between the following locations in the video:
0101-1,,The order of locations where the man appears after teleporting in the video is:
0113-0,,"No buildings are demolished throughout the video. The demolition activity shown involves an excavator working on an unspecified object, but it does not explicitly show the demolition of a building."
0113-1,,"The total number of buildings taken down in the video is **one**. This occurs in the demolition scene starting from Frame 16 to Frame 19, where a construction worker uses an excavator to demolish a structure."
0118-0,,"At the beginning of the video, the person intentionally released the bottle, causing it to fall down to the ground. This is evident from the sequence of actions where the person's hand moves closer to the edge of the railing and then releases the bottle, which starts to fall and is shown in mid-air in subsequent frames."
0118-1,,"At the start of the video, the person held a blue bottle near a railing on a staircase. They then moved their hand closer to the railing, positioned it over the railing, and tilted the bottle slightly before letting it go, which caused the bottle to fall."
0118-2,,"Yes, the person let go of the bottle on a sloped railing, causing it to slide and fall. The video clearly shows the person placing the bottle on the sloped railing and then the bottle sliding down and gaining speed until it reaches the bottom."
0127-0,,"The video shows only one watch. Initially, the watch has a unique design with red and black elements, and later it is shown with a green and silver color scheme, including a visible brand name. The watch face is displayed from various angles but remains the same throughout the video."
0127-1,,The total number of watches displayed in the video is 7. This is confirmed by the annotations summary and the individual close-up shots of the watches from timestamps 4.0 to 11.0.
0129-2,,"Based on the provided annotations, there is only one man visible in the video. The man assists the woman in specific scenes, such as helping her stand on a scale and setting up a camera. No other men are mentioned in the annotations."
0129-0,,"One man appears in the video. He assists a woman on a scale, adjusts her outfit in front of the green oval, and takes a photograph of her."
0142-0,,"The purpose for the character in costume to put a small piece of white tape on the handrail is likely to ensure safety or to mark the handrail for a specific reason. The repetitive and deliberate nature of the action, combined with the preparation step of wiping the handrail, suggests that the tape is being applied to either highlight a potential hazard, provide a grip, or mark a specific point on the handrail. The lack of additional context or cues in the video supports these practical interpretations."
0142-1,,"The character in costume places a small piece of white tape on the handrail to draw attention to hygiene or safety concerns, or as a playful gesture to surprise and engage people using the escalator. The careful cleaning of the handrail and the strategic placement of the tape suggest that the character wants to make people more aware of the surfaces they touch daily, either to promote cleanliness or to create a humorous effect."
0142-2,,"The purpose of placing the small piece of white tape on the handrail is not explicitly clear from the video alone. However, based on the context and the actions observed, possible reasons could include:"
0152-0,,"The tools used for fixing the position of the pages in the video are **blue elastic bands** and a **blue string**. These tools are used to secure the piece of paper within the pages of the book titled ""Harry Potter and the Goblet of Fire"" by J.K. Rowling. The elastic bands hold the paper in place, and the string is used to wrap around the pages and tie a knot to ensure everything is securely held together."
0142-3,,"No, the small piece of white tape attached to the armrest is not there to attract dust. The tape appears to be a deliberate element in the scene, possibly used to test the viewer's perception of authenticity or to create a specific visual effect. There is no evidence in the video to suggest that the tape is intended to attract dust."
0152-1,,"The tool used in the video to secure the pages in place is a **blue ribbon bookmark**. This is evident from the detailed annotations and the visual cues in the video, where the person uses the blue ribbon bookmark to keep the pages of the book securely held together."
0162-0,,The golfer in the video successfully hits the target 4 times:
0162-1,,The golfer achieves 3 successful target hits in the video. These successful hits are:
0162-3,,"No, the golfer does not manage to hit the target 10 times in the video. Based on the provided frames, the golfer successfully hits the target 3 times."
0167-1,,"The woman in the video feels astonished because the man unexpectedly brings a toothpick close to her face and touches her lips with it. This unexpected and playful action causes her surprise and astonishment, which is evident from her widening eyes and subsequent smile and laughter."
0162-2,,"No, the golfer does not hit the target only once in the video. The golfer successfully hits multiple targets, including a bell, an orange ball on a pole, a red balloon on a pole, and another target with a ball on top."
0167-2,,"Yes, the woman seems surprised because the pencil remains unbroken despite the man's tight grip. Her expression changes to one of surprise when the man releases the pencil, and she then takes it, puts it in her mouth, and smiles. This sequence of events, as described in the frame annotations and the whole video annotation, indicates that her surprise is directly related to the pencil remaining intact."
0167-0,,"The woman in the video is surprised because the man's action of moving the chopstick towards her mouth is unexpected and playful. Her initial neutral expression changes to one of surprise as the chopstick gets closer, and she reacts with widened eyes and an open mouth. This surprise is further confirmed by her subsequent laughter, indicating that the action was both unexpected and amusing."
0167-3,,"Yes, the woman is surprised that the man has managed to break the pencil with his hand. Her eyes widen in surprise at the moment the pencil snaps, and her subsequent reactions, including putting a broken piece in her mouth and laughing, further indicate her amazement and amusement."
0169-0,,"The woman pours juice into the mold **once**. This occurs from Frame 30 to Frame 33, where she uses a ladle to fill the molds with juice."
0169-2,,"Yes, the woman does pour juice into the mold twice in the video. In fact, she pours juice into the mold multiple times, specifically with orange, pink, green, and red juices. Each pouring session is clearly indicated in the annotations, showing that she interacts with the mold and the juice containers multiple times throughout the video."
0169-1,,The woman fills the mold with juice at least three times:
0198-0,,"There are 20 frames labeled as ""old me"" in the video. These frames show various activities and achievements of the person during the ""old me"" phase, such as writing on a blackboard, studying, exercising, and receiving high grades."
0198-3,,"Yes, the video includes a photo of ""old me"" reading a book at a desk twice. The first instance is at timestamp 1.0 seconds, where the scene is slightly blurred, and the second instance is at timestamp 2.0 seconds, where the scene is clearer. Both scenes show the same person reading a book at a desk, and the text ""old me:"" is visible in both frames."
0198-1,,The total number of photos labeled 'old me' shown in the video is 19. This is explicitly stated in the whole video annotation and confirmed by the annotations of individual frames from 0.0s to 19.0s.
1002-7,,D
1002-3,,No
1009-7,,D
1011-7,,B
1018-7,,B
1020-7,,C
1023-7,,B
1031-7,,D
1002-1,,"The video only shows the man successfully catching one stick after hitting the target. There is no mention or depiction of him catching a fourth stick. Therefore, the question about the method used to catch the fourth stick does not make sense in the context of the video."
1037-7,,D
1002-0,,"The provided annotations do not mention any sticks or a man catching them. The first scene primarily involves a cat interacting with a green hand-shaped toy held by a person. Therefore, the question about the fourth stick falling and the man catching it does not make sense in the context of the video."
1044-7,,A
1045-7,,D
1002-2,,"No, the man did not use his foot to assist in catching the fourth stick in the first scene. The man is only using his hands to swing the controller to hit objects, and there is no indication that he uses his feet at any point in the first scene."
1046-7,,A
1049-7,,A
1051-7,,C
1053-7,,D
1055-7,,C
1009-0,,"The man in the first two scenes is the one who waves at the woman. After he waves, he moves closer to her, standing to her right, and extends his hand towards the painting. This suggests that he is initiating a conversation and is interested in sharing his thoughts about the painting. The woman acknowledges him slightly but remains focused on the painting initially."
1064-7,,D
1009-1,,In the first two scenes after the visitor waves at him:
1009-3,,"No, the man does not appear enthusiastic or eager to engage with the visitor in the first two scenes. His body language is not open or inviting, his facial expressions remain neutral, and his verbal responses are passive and unengaged."
1009-2,,"No, the man does not seem disappointed and walk away after the visitor waves at him in the first two scenes. The woman in these scenes does not wave at the man; instead, she is looking at the painting and politely declining further interaction. The man steps back and stands with his hands on his hips, showing respect for her boundaries. The waving interaction mentioned in the question occurs in the third scene, but the man's reaction is not clearly described as disappointment or walking away."
1080-7,,D
1081-7,,A
1011-0,,"The woman did not use the hose on the man. According to the provided annotations, the man is the one who uses the hose to spray both himself and the woman. The woman does not use the hose on the man at any point in the video. The misunderstanding likely stems from a misinterpretation of the sequence of events."
1087-7,,D
1087-3,,"No, the circle on the left does not move in the direction indicated by the arrow inside it. The arrow changes direction, but the circle remains stationary."
1090-7,,D
1091-7,,D
1095-7,,D
1011-2,,"While it is plausible that the woman might have thought the man accidentally consumed soap, leading her to use the hose on him, this specific reason is not explicitly stated in the frames provided. The video shows a series of playful interactions, and the woman's actions could be interpreted as a response to the man's behavior, but the exact motivation remains unclear. Therefore, based on the available information, we cannot definitively conclude that the woman used the hose on the man because she thought he accidentally consumed soap."
1101-7,,A
1111-7,,D
1011-1,,"The woman sprays the man with water from the faucet, likely prompted by his actions of eating bread with peanut butter, which seemed to surprise her. Her actions appear to be a mix of surprise and playful retaliation, possibly in response to the man's unexpected behavior or as a lighthearted joke."
1112-7,,D
1112-2,,"No, it was not the person in the blue shirt who took the firework instead of the lighter. The person in the pink shirt is the one who handled and lit the firework."
1112-3,,"No, it was not the person in the white shirt who took the firework instead of the lighter. The person in the white shirt is shown handling the lighter and is the one who appears to light the firework."
1117-2,,"Yes, the person in the blue shirt caused the water to overflow and failed the challenge."
1117-7,,D. The person in the blue shirt
1119-7,,C
1117-3,,"No, it was not the person in the red shirt who initially made the water overflow and failed the challenge. The person in the purple shirt was the one who failed the challenge by allowing the water to overflow. The person in the red shirt's attempt resulted in the glass overflowing with a red liquid, which seems to be a different substance or a staged outcome for comedic effect."
1121-1,,None of the above (Insufficient information)
1121-0,,None of the above (N/A)
1121-2,,[None of the above]
1121-3,,[NO]
1121-7,,D
1122-7,,C
1011-3,,"Yes, the woman sprayed the man with the hose as a playful response to the prank he played on her. The sequence of events shows that after the man touched her back, the woman grabbed a sponge and started spraying him with water, which led to a lighthearted and enjoyable interaction between them."
1124-3,,"Yes, the egg did end up inside the water bottle after the performer pushed it."
1124-7,,A. Inside the water bottle
1127-7,,C
1018-0,,"The rapper's reaction after the traffic controller took his microphone was one of mild protest or surprise. Initially, he tried to hold onto the microphone, but as the traffic controller persisted, his arms lowered, and he appeared in a state of mild shock or amusement. After the traffic controller spoke into the microphone and handed it back, the rapper resumed his performance with a more relaxed and composed demeanor, eventually regaining his confidence and energy."
1130-1,,The green ball showed the most movement when the old man swung his arm widely.
1130-3,,"Yes, it is the blue ball that moved significantly with the largest magnitude when the old man swung his arm."
1130-7,,D
1134-7,,B
1137-7,,B
1145-7,,A
1018-1,,"The rapper initially showed surprise or mild annoyance when the traffic controller reached out to take the microphone. After the traffic controller took the microphone, the rapper looked down at the traffic controller with a neutral expression and then stood with his arms at his sides, observing the traffic controller as he addressed the crowd. This response indicates that the rapper was caught off guard but ultimately remained passive and compliant."
1159-7,,A
1159-0,,- Fifth Item: Highlighters
1018-2,,"Yes, the rapper did continue his performance calmly after the traffic controller took his microphone. Initially, he looked surprised, but he quickly regained composure, stepped down from the speaker, and listened to the traffic controller. Once the microphone was returned, he resumed his performance without any signs of disruption."
1159-3,,"No, the fifth item is not sticky notes, and the seventh item is not a measurement scale."
1159-2,,"No, the fifth item is highlighters, but the seventh item is not erasers; it is sticky notes."
1160-0,,The fourth item shown in the video is the black pill-shaped fidget toy.
1160-7,,D
1160-2,,"No, the fourth item in the video is not a metal fidget toy resembling a mahjong tile. It is a black pill-shaped fidget toy."
1160-1,,The fourth toy displayed in the video is a black pill-shaped fidget toy.
1160-3,,"Yes, the fourth item in the video is a small black pill-shaped fidget toy."
1161-2,,"No, the device does not display the colors in the order of yellow, green, cyan, blue, purple, red, and orange. The actual sequence observed is yellow, green, cyan, blue, and back to yellow."
1161-7,,E
1161-3,,"No, the color order displayed by the long strip of light on the object in the video is not exactly yellow, green, blue, purple, and red. The actual sequence is green, yellow, green, blue, purple, and red."
1018-3,,"No, the rapper did not get angry and stop performing when the traffic controller took his microphone. Instead, he resumed his performance after the traffic controller finished speaking and walked away. The rapper maintained his composure and continued his performance without showing any signs of anger or interruption."
1162-7,,"C. Calendar, Notes, Clock, Calculator"
1168-7,,C
1169-7,,A
1170-7,,D
1173-7,,D
1173-3,,"A) Yes, the person in the back seat likely disappeared because the car made a sudden stop or sharp turn, causing the drink cups and containers to fly around and obstruct the view."
1175-7,,D
1175-3,,"Yes, the bear on the ground is a mechanical bear that moves."
1020-0,,"The baby's reaction when they see dad is one of joy and increasing engagement. Initially, the baby looks at the father with interest. As the interaction progresses, the baby starts smiling, then laughing, and finally reaches out towards the father with growing enthusiasm. The baby's behavior becomes more animated over time, showing a strong positive response to the father's presence and playful interactions."
1020-1,,"The baby responds positively when they see their father. Initially, the baby looks at the father with interest and attentiveness. As the father makes playful faces, the baby's body language changes, with the baby reaching out towards the father. The baby also smiles and laughs, indicating happiness and engagement. These responses suggest that the baby is very responsive and enjoys interacting with their father."
1020-2,,"Based on the provided annotations, the baby does not show a lack of excitement when seeing their dad. Instead, the baby reaches out towards the dad's face and appears engaged and excited during their interaction."
1023-0,,"After the first woman talked to him, the man stepped back slightly and stood with his hands on his hips, facing the woman. This indicates that he is actively listening and participating in the conversation. His body language suggests engagement and interest in the discussion about the artwork."
1020-3,,"No, the baby does not react with excitement and joy when they see their dad. The baby's expressions and body language are more neutral or focused, and there is no indication of significant excitement or joy during the interaction with the dad. The baby's more pronounced reactions of excitement and joy are observed when interacting with the big brother."
1023-2,,"No, the man did not show signs of frustration or disappointment after the first woman talked to him. His facial expression remained neutral and attentive, and his body language did not indicate any negative emotions."
1023-1,,"The man appears to be responding to the woman's comment, ""This artist is only 24 years old!"" However, the exact words of his response are not provided in the frame descriptions. The text overlay in Frame 3 indicates that the woman also says, ""I'm just looking, thank you,"" but it is unclear if this is directed at the man or part of her ongoing commentary. In Frame 4, the man is seen listening attentively as the woman gestures and speaks, suggesting he is engaged in the conversation."
1031-0,,The man in the white shirt eating a banana is experiencing a neutral emotion. This conclusion is based on the consistent descriptions of his neutral facial expression and lack of significant changes in his posture or behavior throughout the banana-eating scene. The absence of any audible cues or dialogue further supports the interpretation that he is maintaining a neutral emotional state.
1023-3,,"No, the man did not seem happy and excited after the first woman spoke to him. Instead, he appeared attentive and engaged, maintaining a neutral to slightly engaged expression and continuing to provide information about the artwork."
1031-1,,"The man in the white shirt experiences a range of feelings while eating the banana. Initially, his expression is neutral, but as he takes a bite, his expression changes to show surprise and amusement. This surprise and amusement peak as he chews the banana and then gradually return to a more neutral state. By the end, he appears contemplative."
1037-0,,"The man makes an OK gesture at the end of the video to indicate that he enjoyed the drink or found the experience amusing. This gesture suggests satisfaction or approval, fitting the lighthearted and humorous tone of the video."
1031-2,,"No, the man in the white shirt is not eating the banana and does not appear surprised or shocked by the banana auction. He remains neutral and unreactive throughout the video, consistently holding the peeled banana with a calm and composed demeanor."
1037-1,,"The man makes an OK gesture at the conclusion of the video to signify his satisfaction or approval with the result of his actions. Specifically, he is pleased that the watermelon is now filled with orange juice and has a straw inserted into it, making it ready for consumption in a unique and enjoyable way."
1031-3,,"The man in the white shirt is initially calm and relaxed in Frame 5 (5.00 seconds) when he is holding the banana. However, in subsequent frames, his expression becomes contemplative or surprised, indicating that he is no longer calm and relaxed. Therefore, the man is not feeling calm and relaxed in the later frames of the scene where he is holding the banana."
1037-2,,"Yes, the man does make the OK gesture at the end of the video to mimic the blonde woman. This is evident from the final annotation, which states, ""The man makes the OK gesture with his hand, mimicking the blonde woman's action."" Despite the woman not making the OK gesture herself, the man's action is clearly intended to mimic her, suggesting a pattern of imitation throughout the video."
1037-3,,"No, the man does not make the OK gesture at the end of the video to show that the drink he made is satisfactory. Instead, he finishes squeezing the orange into the watermelon and moves his hand towards the camera. There is no indication of him making an OK gesture or any other gesture that suggests satisfaction with the drink."
1044-0,,"At the end of the video, the person under the quilt is experiencing psychological activity characterized by amusement and enjoyment. This is evident from their laughter and active participation in playing the video game, which indicates a significant shift from their initial state of discomfort and resistance. The positive interaction and shared activity likely contributed to this change in emotional state, suggesting a sense of relaxation and possibly a bonding experience with the other individual."
1044-2,,"Yes, the person under the quilt is surprised and confused about what is happening. The annotations clearly show that the person's facial expressions and body language indicate growing confusion and surprise as the person in the red shirt lifts their head. The context of the situation, where the person is suddenly awakened by this unexpected action, further supports this conclusion."
1044-1,,"The person under the quilt is in a state of amusement or surprise, as indicated by their loud and sustained laughter. The progression of their reactions from a neutral or surprised state to laughter, along with the playful and engaging atmosphere of the video, suggests that they are experiencing a positive and engaging mental state."
1044-3,,"Yes, the person lying on the couch is deeply engrossed in a video game, particularly in a virtual reality experience, as seen from frames 16 onwards. The person's posture, facial expressions, and the presence of VR equipment all support this conclusion."
1045-0,,"The person on the left hugs the person wearing the tie-dye hoodie as a spontaneous expression of affection or agreement, likely in response to the explanations or playful interactions that precede the hugs. The hugs appear to be natural moments of connection or agreement between the two individuals. After each hug, they both return to a more neutral posture, ready to continue their interaction."
1045-1,,"The person on the left embraces the individual in the tie-dye hoodie as a natural extension of their playful interaction. The embrace is a friendly and lighthearted gesture that follows the teasing with the paper towel, which has already elicited laughter and amusement from both individuals. The embrace is brief and released quickly, indicating that it is part of the ongoing playful exchange, designed to enhance the fun and camaraderie between the two."
1045-2,,"No, the person on the left did not hug the one in the tie-dye hoodie to prevent their mother from discovering that his brother fainted. The hug was an immediate and genuine response to the boy on the right losing consciousness and slumping forward. The boy on the left appeared to be trying to support and help the boy on the right, rather than to hide anything from the woman in the background."
1046-0,,"The person wearing the black hat in the video suddenly threw the person in the gray T-shirt into the swimming pool likely because it was a playful or spontaneous act. The initial interaction seems casual, with no signs of prior conflict or tension. The person in the black hat and black shirt appears to crouch down and prepare to push the person in the gray T-shirt, suggesting a deliberate but possibly lighthearted action. The lack of reaction from others and the repeated nature of the act (throwing the person back into the pool later) further supports the idea that this was a form of playful behavior rather than an aggressive one."
1045-3,,"The hug between the person on the left (the magician) and the person on the right (the observer) was likely a celebration of the successful magic trick. The sequence of events, including the magician's performance and the observer's visible surprise and eventual relaxation during the hug, supports this interpretation. However, the video does not provide explicit confirmation, so this remains a plausible but not definitively proven conclusion."
1046-1,,"The person in the black hat was likely prompted to toss the individual in the gray T-shirt into the pool due to a playful and consensual interaction. The conversation that took place between the two individuals (at timestamps 10.0 to 11.0) likely set the stage for the playful behavior. The individual in the gray T-shirt's positive reactions, such as smiling and laughing, indicate that the interaction was enjoyable and not forced. There were no visible signs of tension or conflict, further supporting the idea that the action was part of a friendly and mutually agreeable exchange."
1046-2,,"No, the person in the black hat did not throw the person in the gray T-shirt into the pool because they were pushed in earlier by the same person. Instead, the person in the gray T-shirt was initially pushed into the pool by the person in the black hat. In response, the person in the gray T-shirt chased the person in the black hat and pushed them into the pool. The person in the gray T-shirt then lifted the person in the black hat out of the pool and threw them back in, completing a cycle of reciprocal pushing and retaliation."
1046-3,,"Yes, the reason the person in the black hat threw the person in the gray T-shirt into the pool was because it was a prank. The context leading up to the incidents, the playful reactions of the person in the gray T-shirt, and the overall lighthearted atmosphere all strongly suggest that these actions were part of a lighthearted prank or playful interaction."
1049-1,,"The intention behind the person hitting the dog with a slipper while using their phone is likely to manage or control the dog's behavior. The person's focused and deliberate actions suggest that they are trying to get the dog to move or stop doing something that is bothering them. The use of the slipper, combined with the person's intense expression and the dog's reaction, indicates that this is not a playful interaction but rather an attempt to discipline or redirect the dog. However, without additional context, it is difficult to determine if this action is justified or if it is an appropriate method of handling the situation."
1049-0,,The person who hits the dog with a slipper while looking at their phone likely wants to express one of the following:
1049-3,,"Based on the provided frames and the context, the person was indeed expressing frustration or annoyance by raising and throwing a slipper. However, it is not definitively shown whether the slipper hit the dog or another object. The person's body language and facial expressions strongly suggest frustration or annoyance, but the exact target of the slipper is not confirmed."
1049-2,,"No, the person did not hit the dog with a slipper to get it to turn off the lights. The video shows distinct and separate scenes where the dog and the person do not interact. The dog is seen lying on a pink quilted surface, while the person is shown lying on a bed, using a remote control to turn off the lights. There is no evidence of any interaction involving a slipper or any attempt to get the dog to turn off the lights."
1051-2,,"No, the man in black is not mimicking his own childhood actions. He is mimicking the action of a child in a photo in the background, where the child is biting his hand. This mimicry is what elicits laughter from the elderly man, creating a playful and joyful interaction."
1051-0,,"The man in black in the video wants to express playfulness and affection when he bites his hand after taking the photo. His exaggerated gesture is clearly intended to entertain and bring joy to the elderly man, as evidenced by the elderly man's laughter and the overall joyful atmosphere. The younger man's actions create a warm and uplifting interaction, highlighting a heartwarming connection between the two individuals."
1051-1,,"The man in black is likely trying to convey playfulness and affection by biting the elderly man's hand. This gesture is part of a series of playful interactions that elicit laughter and amusement from the elderly man, contributing to the overall joyful and lighthearted atmosphere of the interaction."
1051-3,,"The man in black is not expressing nostalgia or sentimentality by biting the older man's hand. Instead, he is engaging in a playful and affectionate interaction that brings joy and laughter to both individuals. The context of the video, the younger man's facial expressions, and the overall tone of the interaction all support this conclusion."
1053-0,,"The man in the black T-shirt likely wants to express a playful or humorous gesture by raising his black hat. The repeated action, combined with the amused reaction of the man in the gray sweatshirt, suggests that it is a light-hearted and engaging interaction. While it could also be a greeting or a pre-arranged signal, the context and the observer's reaction point more strongly towards a playful or humorous intent."
1053-1,,"The man in the black T-shirt is likely trying to convey a form of self-expression or to get a reaction from others by lifting his black hat to reveal his hair. His actions suggest he is comfortable and possibly seeking attention or interaction, though the exact intention is not explicitly clear without additional context. The neutral expression and the lack of reaction from the man in the grey sweatshirt indicate that this could be a casual, spontaneous act rather than a premeditated one."
1053-2,,"Yes, the man in the black T-shirt is raising his hat to make it seem like the middle seat is occupied. He begins to raise his hat with his right hand around the 11-second mark and holds it above his head by the 14-second mark, maintaining this position until the end of the observed frames. This action creates the illusion that the middle seat is taken, likely to discourage others from sitting there."
1053-3,,"Yes, the man in the black T-shirt is raising his hat to greet or acknowledge the presence of the man in the gray sweatshirt. This is evident from the deliberate action of turning to face him, raising his hat, and the positive response from the man in the gray sweatshirt, who smiles and maintains eye contact. The interaction appears to be a friendly exchange, likely a greeting or acknowledgment of each other's presence."
1055-1,,The educational or insightful takeaway from this video is multifaceted:
1055-2,,"No, the video does not have a high enlightenment value due to its humorous depiction of a prank. The primary focus of the video is on entertainment and humor, with no clear educational or deeply insightful content. The prank and the reactions it elicits are designed to amuse the audience rather than provide enlightenment."
1055-3,,"Yes, the enlightenment value of this video is low because it mainly shows a messy prank with ketchup. The video is primarily focused on entertainment and humor, with no significant educational or insightful content. The prank itself, while amusing, does not provide any deeper lessons or meaningful information."
1055-0,,"The enlightenment value of this video lies in its ability to provoke reflection and introspection. By juxtaposing a mundane activity (preparing a drink) with a more dramatic and emotionally charged scenario (a person experiencing surprise or shock), the video encourages viewers to consider the deeper meanings and impacts of their actions. The repeated text ""what did I just do"" serves as a catalyst for self-reflection, prompting viewers to think about the moments that lead to significant realizations and the importance of being mindful of their actions."
1064-0,,"The man is so surprised at the end of the video because he is caught off guard by the sudden appearance of smoke and sparks, which likely come from a fireworks display. This is evident from the annotations describing his expression changing from neutral to surprised and then shocked as the smoke and sparks become more prominent. The text ""HAPPY DIWALI IN ADVANCE"" further supports the idea that the smoke and sparks are part of a fireworks display, explaining his surprise."
1064-1,,"The man's surprise at the conclusion of the video is caused by the continuous rise of smoke from the 'FDV BOMB'. This ongoing and unexpected activation of the device, which follows a similar pattern to the 'FOV BOMB', suggests that the man did not anticipate the prolonged and potentially hazardous nature of the devices. His surprised expression and repeated backward movements indicate that the activation of these devices was both unexpected and concerning."
1064-3,,"Yes, the man is surprised because the firework he lit exploded unexpectedly. His reactions, including jumping backward, maintaining a cautious distance, and his facial expressions of shock and surprise, strongly support this interpretation. The label 'FOV BOMB' and his initial interaction with the object also suggest that he was aware of its potential to explode, but the sudden and intense nature of his reaction indicates that the explosion was unexpected."
1064-2,,"The man's surprised expression is likely due to the presence of the 'FDV BOMB' itself, rather than because he ends up back at the bomb site after running a long distance. The video shows a repetitive pattern of the man approaching the bomb, being surprised, and then running away, only to return again. There is no evidence to suggest that the distance he runs is significant enough to cause additional surprise upon his return. The consistent surprised expression indicates that the bomb itself is the primary source of his reaction."
1176-7,,A
1075-0,,"The video splices together shots of the ordinary man and Spider-Man to explore themes of identity, duality, and the contrast between everyday life and heroic action. By intercutting these scenes, the video suggests that even in the most ordinary moments, there is a potential for heroism and greatness. The repeated text overlays and the dynamic editing style enhance the emotional and dramatic impact, creating a cohesive narrative that highlights the connection between the ordinary and the extraordinary."
1075-2,,"No, the video does not splice shots of the ordinary man and Spider-Man to highlight the exclusion of ordinary people compared to the hero identity of Spider-Man. The video focuses entirely on an ordinary man in various settings and emotional states, without any reference to Spider-Man or superhero elements. The visual and narrative content is centered on the man's experiences and emotions, and there are no techniques or themes that suggest a comparison or contrast with a superhero identity."
1075-1,,"The question about splicing together shots of the ordinary man and Spider-Man does not make sense in the context of the provided video. The video consists of two distinct parts: one featuring a man in a suit at a formal event and another featuring a man walking outdoors. There are no shots of Spider-Man in the video. If you have a different context or additional details, please provide them for a more accurate analysis."
1075-3,,"Yes, the video is splicing together shots of an ordinary person and Spider-Man to suggest that they might be the same person. The visual clues, such as the close-ups of the mask being adjusted and the person without the mask, along with the editing techniques that abruptly transition between the formal settings and the Spider-Man scenes, support this interpretation. The video explores themes of dual identity or transformation through these visual and contextual elements."
1080-0,,"The man peels the carrot using a spoon, which is an unconventional method compared to a traditional vegetable peeler. He seems amazed because the spoon proves to be surprisingly effective for peeling the carrot, resulting in a smooth and shiny carrot. The unusual method and the successful outcome likely contribute to his expressions of surprise and amazement."
1080-1,,"The man peels the carrot and appears amazed because he is using a spoon, which is an unconventional and impractical tool for peeling a carrot. This likely causes him to discover the difficulty and inefficiency of the task, leading to his surprised and amazed expression throughout the process. The consistent amazement suggests that he might be participating in a challenge or a humorous demonstration."
1080-3,,"No, the man did not peel the carrots and feel surprised because another person had made a usable carrot peeler out of a spoon. The video shows the man himself using a modified spoon to peel carrots and reacting with surprise at its effectiveness. There is no indication of another person being involved in the creation or use of the spoon as a peeler."
1081-0,,"Based on the provided context and keyframes, there is no mention of a little green brick in the video. Therefore, I cannot determine what the little green brick represents because it does not appear in the video. The video primarily involves a black LEGO piece, a tool, and a LEGO model of a mouth with teeth."
1080-2,,"The man is peeling the carrot and appears curious and slightly amused, but the video does not provide clear evidence that he is feeling amazed because he doesn't understand why the previous person had to go through so much trouble to peel it. The humor likely comes from the contrast between the initial complex setup with the spoon and the simple act of peeling a carrot, but the man's reaction is more generally curious and amused rather than specifically amazed by the previous actions."
1081-2,,"No, the little green brick in the video does not represent mouthwash used in the teeth cleaning demonstration. The green brick remains in the background and is not interacted with or mentioned during the cleaning process. The focus of the video is on the LEGO mouth model and the various cleaning tools used by the person."
1081-1,,"The significance of the small green brick in the video is not explicitly clear from the provided frames. However, the person's action of holding it up suggests that it might have some importance in the assembly process of the black LEGO piece. It could be a crucial component or a detail that adds to the overall structure, but the exact purpose or role of the green brick is not detailed in the subsequent frames."
1081-3,,"The little green brick in the video does not definitively represent grass. The green LEGO pieces are shown in a small clear container and are not explicitly described as representing grass. They could be used for various purposes in LEGO construction, such as building landscapes, trees, or other elements. Without additional context, it is not possible to definitively say that the green bricks represent grass."
1087-0,,"- At **10.0 seconds**, the left circle has an upward-pointing arrow, indicating that it is moving upwards."
1087-2,,"Yes, it is true that the circle on the left does not actually move. The perceived movement is due to the changing direction of the arrows within the circle, not the circle itself. The circles remain stationary while the arrows rotate, creating the illusion of movement."
1087-1,,"The movement direction of the circle on the left from the camera's viewpoint includes multiple orientations: right, left, down, up, diagonal (down-right), and horizontal (right). The arrows within the circle change direction at different frames, creating a dynamic visual effect."
1090-0,,"From the perspective of the group of sheep in the video, the painting on the ground would likely appear as a large, flat design on the pavement. The optical illusion that makes the drawing look like a deep pit from certain angles may cause some confusion in depth perception, but the sheep do not show any noticeable reaction to it. They continue to move slowly across the bridge in the background, suggesting that they do not perceive the drawing as a deep pit or any significant obstacle."
1090-1,,"The painting on the ground appears to the sheep as a real bridge. The optical illusion is so effective that the sheep move slowly and carefully across it, aligning themselves on the right side as if they are crossing a physical structure. This suggests that the sheep perceive the drawing as a three-dimensional object rather than a flat image on the ground."
1090-3,,"Yes, the painting on the ground appears to the sheep like a large puddle. The sheep's cautious movement and their eventual deviation to the right side of the path strongly suggest that they are being fooled by the optical illusion, perceiving the painting as something they need to avoid, such as a large puddle."
1090-2,,"No, the painting on the ground does not look like a broken bridge to the sheep. Instead, it looks like a complete bridge that creates a convincing optical illusion. The sheep's cautious behavior and their eventual crossing of the painted bridge indicate that they perceive it as a real, intact structure."
1091-0,,"Based on the provided context and keyframes, two people can be identified in the video:"
1091-2,,"Yes, there are three people visible in the video. The scene includes a woman sitting on a bench reading a book, a man standing behind her wearing dark clothing, and another man dressed in pink with a hat standing next to the man in dark clothing. These details are consistently described in the annotations and the whole video summary."
1091-1,,"In the final segment of the video (Frame 14 at 14.00 seconds), there are two individuals visible:"
1091-3,,"Yes, it is true that only two people can be identified in the video: one sitting and one standing behind her. The video consistently shows a woman sitting on a chair, reading a book, and a man standing behind her, holding a book. There are no other individuals present in the scene throughout the entire duration of the video."
1095-1,,"The video does not mention anyone in the upper left corner or a keg. Instead, it describes a person near train tracks who throws a small stone into a blue bucket filled with water. The person covers their ears, likely to block out the sound of the stone hitting the water. The most plausible reason for this action is that the person is conducting a simple experiment or demonstration to observe the effect of the stone hitting the water."
1095-0,,"The main question asks about a person throwing a small stone into a keg, but the video context clearly describes a person throwing a small stone into a blue bucket, not a keg. The bucket contains water and an orange floating object. The person's actions involve throwing the stone into the bucket, causing water to splash out, and then reacting to the splash in various ways, such as covering their face or ears and observing the bucket. Therefore, the correct answer is that the person is throwing a small stone into a blue bucket, not a keg."
1095-2,,"No, the person in the upper left corner did not throw a small stone into a keg to create a visual effect in the edited video. The video shows a single person performing a series of actions near and on train tracks, culminating in a jump into a body of water. There is no evidence of a second person, a stone, or a keg in the video."
1095-3,,"No, the person in the upper left corner does not cause someone to appear inside the keg by throwing a small stone. The video only shows a single person performing a series of actions near train tracks, including throwing an object towards a blue bucket and then jumping into it. There is no evidence of anyone appearing inside the bucket as a result of these actions."
1101-0,,"The man gradually submerges the piece of paper under water as part of a ritual. This act likely has cultural or religious significance, as it involves the release of the deity image from the paper into the water, allowing the deity figure to float freely. The ritual is performed near a riverbank, and the setting includes a natural environment with trees and a body of water. The gradual submersion of the paper symbolizes the intentional and respectful release of the deity, which may be a form of offering or a spiritual practice."
1101-1,,"The man slowly dipped the piece of paper into the water as part of a ritualistic or ceremonial act. This action is likely intended to show reverence and careful execution, and it may symbolize the transformation of the paper into a floating statue of the deity, bringing the deity into the physical realm or seeking its blessings. The deliberate and respectful manner suggests that this step is an important part of the ritual."
1101-2,,"Yes, the man submerged the paper figure gradually to create the effect of it emerging from the water in the final video. The initial state of the paper figure was above the water, and it was gradually lowered into the water, becoming fully visible by the 7-second mark. By the 10-second mark, the figure appeared to be partially submerged and gradually emerging, indicating a deliberate and controlled submersion process."
1101-3,,"The primary purpose of slowly submerging the paper cutout into the water is not just to make it completely wet. Instead, it is part of a ritual or ceremonial act with cultural or religious significance. The individuals perform this act carefully and respectfully, suggesting that the submersion and subsequent release of the cutout have deeper symbolic meanings beyond simply wetting the paper."
1111-0,,"The video does not provide enough information to determine if the man sitting on the ground stood up and then decided to sit down again. The man is only mentioned as being present in the initial frames and is not seen after the second frame. Therefore, it is not possible to conclude who decided to sit down after standing up instead of joining the dance."
1111-1,,The young man chose to sit back down after initially standing up instead of continuing to participate in the dance. 
1111-2,,"Yes, it was the woman in the brown and red sari who decided to sit down after standing up instead of joining the dance. She initially stands up but then chooses to sit down and observe the man's performance without participating. This is evident from the annotations and the summary provided, which consistently show her seated and watching the man's interactions and dance moves."
1111-3,,"No, it was not the man in the white shirt who decided to sit down after standing up instead of joining the dance. The video describes a man in a brown hoodie and green pants interacting with a group of women, and there is no mention of a man in a white shirt or anyone deciding to sit down after standing up instead of joining the dance."
1112-0,,"The video does not provide a clear answer to the question ""Who took the firework instead of lighter?"" The person in the pink shirt is the one handling both the firework and the lighter, and there is no indication of someone taking the firework instead of the lighter. The sequence of events focuses on the interaction with the bucket and the subsequent reaction, followed by the person in the pink shirt explaining and demonstrating with the firework and lighter."
1112-1,,"The video does not clearly show anyone picking up a firework instead of a lighter. The man in the later frames is seen holding a lighter and explaining the sequence of events, but there is no explicit scene of someone picking up a firework instead of a lighter. The object initially described as a firework is later clarified as a bucket."
1117-1,,"The man in the red shirt was responsible for the water overflowing and losing the challenge. This is evident from the final frames of the video where he is seen leaning over the glass when it overflows with a red liquid, and he acknowledges his loss while the other men celebrate his defeat."
1117-0,,The participants who made the water overflow and failed the challenge are:
1119-1,,"There is no mention or visual indication of an iron bowl in the video. Therefore, it is not possible to determine the location of the iron bowl when the person in red responds to the image of the cat and dog."
1119-0,,"There is no mention or visual indication of an iron bowl in the video. Therefore, it is not possible to determine the location of the iron bowl when the person in red reacted to the cat and dog picture. The question does not make sense in the context of the provided video."
1119-2,,"No, the iron bowl is not mentioned or visible under the oversized phone screen when the person in red reacts to the cat and dog picture. The phone screen is held in the air and shown to the person in red, and no iron bowl is present in the described frames."
1119-3,,"No, the iron bowl is not visible on the lap of the person in red when they react to the cat and dog picture. The video annotations do not mention any iron bowl on the person's lap at any point during the video. The person in red is primarily reacting to the picture and interacting with the dog, with no objects noted on their lap."
1122-1,,"The little man in overalls with the white bag walks away from the scene and eventually exits the frame. By the conclusion of the video, he is no longer visible, and the focus shifts back to the real-life setting with the man vacuuming under the couch."
1122-0,,"At the end of the video, the little man in the overalls with the white bag is no longer visible. The scene has transitioned back to the original setting, where a person in a light blue cap and shirt is seen vacuuming under the couch."
1122-2,,"Yes, the little man in overalls with the white bag does end up inside the vacuum cleaner at the end of the video. The annotations at timestamps 23.22, 24.19, 25.16, and 26.13 show him progressively entering the vacuum cleaner, and at timestamp 27.09, he is no longer visible, indicating he is fully inside."
1124-0,,"The egg is inside the bottle after the trick performer pushed on it. This is evident from the frames where the egg is shown being compressed and eventually disappearing into the bottle, followed by water starting to spray out, indicating that the egg has been pushed inside and caused the bottle to leak."
1124-1,,"When the performer applies pressure to the egg, the egg deforms and eventually cracks. As the pressure increases, water starts to spray out from the cracks, intensifying until the egg is completely cracked and water is spraying out vigorously. Both the performer and the man in the background get wet from the water spray."
1122-3,,"No, the little man in overalls with the white bag is not found inside a janitor's closet at the end of the video. The video transitions to a live-action scene where a man in overalls is vacuuming under a couch, and the miniature figure is not present in the final frames."
1124-2,,"Yes, the egg is actually behind the water bottle and in the hand of the performer after the performer pushes on it. The illusion is created by the performer's hand holding the egg behind the water bottle, making it appear as though the egg is being moved by the pressure from the water bottle. This is evident from the annotations at timestamps 11.68, 12.65, and 13.62, where the performer's other hand is seen holding a white object (the egg) behind the water bottle."
1127-0,,"In the third segment (frames 8-19), the target basketball hoop is positioned outdoors with trees in the background. The ball shooter (the person) is initially in mid-action, shooting the basketball towards the hoop. As the sequence progresses, the person walks away from the hoop, looking back at the basket, and eventually moves almost out of the frame. The camera perspective shows the hoop from a distance, capturing the entire action of the shot and the subsequent walk away."
1127-2,,"No, the target basket is not located behind the man. In the third segment (Frame 2, timestamp: 2.00 seconds), the man is facing towards the basket and the camera, and the basket is in front of him."
1127-1,,"In the third segment (frames 6 to 9), the target basket (basketball hoop) and the ball shooter (the person) are positioned as follows:"
1127-3,,"Yes, in the third segment, the target basket is positioned directly in front of the ball shooter, who is facing it."
1130-2,,"Yes, the red ball moved significantly when the old man swung his arm with the largest magnitude. The red ball, which was initially stuck to the whiteboard, started to move downward and eventually detached and fell to the ground as the older man completed his forward arm swing."
1130-0,,"The green ball moved significantly when the old man swung his arm with the largest magnitude. This is evident from the annotations, which describe the green ball's pendulum-like motion in response to the old man's arm swings, particularly when his arm is fully extended."
1134-0,,"In the first throw, the ball was released as an overhand jump shot with a moderate to high initial velocity and a standard 45-degree angle of release. The ball followed a typical parabolic trajectory, heading towards the hoop and successfully going through it. The word ""GLITCH"" suggests that this shot had a special or unusual characteristic, but the specific nature of the ""glitch"" is not visually described in the frames provided."
1134-1,,"The exact trajectory of the ball during the first throw in the final scene cannot be determined from the provided video. The video shows the person preparing to throw the ball towards the hoop, but it does not depict the ball's path after it is released. Therefore, there is insufficient information to describe the trajectory accurately."
1137-0,,"The question does not make sense in the context of the video. According to the annotations, the woman is never upside down. Instead, it is the man in white who ends up upside down with his head facing towards the ground."
1134-2,,"No, the ball of the first throw in the last scene did not bounce back to the person after hitting the ring of the hoop. Instead, the ball missed the hoop entirely and fell to the ground. Additionally, the hoop itself is seen falling to the ground in the final frames."
1137-3,,"No, the woman is not upside down in the video. It is the child who is held upside down by the woman. The man's head is facing downward in Frame 5 (timestamp 5.0 seconds) as he bends to support the spin."
1134-3,,"Based on the available information, it is unclear whether the ball of the first throw in the last scene descended directly towards the basketball hoop. The ball was in mid-air and moving towards the hoop, but the hoop fell over before the ball reached it, which could have affected the ball's trajectory. Therefore, we cannot definitively say that the ball descended directly towards the hoop."
1137-1,,"The man in white is looking down at the woman and the child when the woman is holding the child upside down. This is consistent with the frame-level descriptions from 2.0 seconds to 5.0 seconds, where the man is described as smiling and looking down at them throughout the activity."
1137-2,,"No, when the woman is holding the child upside down, the man's head is not consistently facing up and forward at the camera. The man is seen spinning or flipping, and in Frame 4, his legs are raised high, indicating he is in motion, but his head is not facing up and forward at the camera."
1145-1,,"The woman is continuously checking her phone from 9.00 seconds to 19.00 seconds, which is a total of 10 seconds. There are no two distinct instances of checking her phone; it is a continuous action."
1145-0,,The time that passes between the woman looking at her phone twice is approximately 3 seconds (from 19.00 seconds to 22.00 seconds).
1145-2,,"No, the woman does not check her phone 12 hours apart as an adult. The video shows her checking her phone repeatedly over a short period (from 9 seconds to 19 seconds) to illustrate how time can feel slow and monotonous in adulthood. The repeated action is used to emphasize the perception of time, not to indicate a 12-hour interval."
1159-1,,"- The fifth item displayed in the video is **pens**. Specifically, it shows a pack of pastel-colored pens with a single pen placed beside the pack."
1145-3,,"Yes, the woman checks her phone twice within a minute as an adult. The first interaction is at 2.00 seconds, and the second interaction starts at 8.00 seconds and continues until 29.00 seconds. The interval between these interactions is 6 seconds, confirming that both interactions occur within a minute."
1161-0,,The color order displayed by the long strip of light on the device in the video is as follows:
1161-1,,The sequence of colors shown by the long strip of light on the device is as follows:
1162-0,,"In the menu interface, the order of the menu options that are browsed is:"
1162-1,,The person navigates through the following sequence of menu options in the interface:
1168-0,,"The man in the red hat fell into a hole because he stepped onto a 3D street art illusion that made the hole appear real. The illusion was so convincing that he believed the hole was genuine and reacted with surprise, flailing his arms as he appeared to fall into it. The environment was an outdoor event with a flat, smooth surface, and the man was not distracted or impaired, making the convincing nature of the illusion the primary cause of his fall."
1162-2,,"Yes, the person does browse through the menu options starting with ""Calendar"" and ending with ""Calculator."" The video shows the ""Calendar"" option being highlighted first, followed by the ""Notes"" option, and ""Calculator"" is visible below ""Notes"" in the menu. Although ""Calculator"" is not explicitly highlighted, its presence in the menu and the sequence of highlighted options suggest that it is the last option the person interacts with."
1162-3,,"Yes, the person does browse through the menu options, including ""Settings"". The video annotations show that the person navigates through a menu with options like 'Calendar', 'Clock', 'Notes', 'Calculator', and 'Settings'. While the specific highlight on 'Settings' is not mentioned, its presence in the menu and the person's active navigation through the menu strongly support this conclusion."
1168-1,,"The man in the knitted hat fell into the hole because he was reaching in to help the woman who had already fallen into it. As he leaned over to assist her, he lost his balance and fell into the hole himself."
1168-3,,"No, the man in the red hat did not fall into the hole because he was deceived by a realistic 3D street painting. The video only describes a woman in casual attire who playfully interacts with the painting, and there is no mention of a man in a red hat."
1168-2,,"No, the man in the red hat did not fall into the hole because of video editing and an optical illusion. The video clearly describes the artist as wearing a beige hat and plaid shirt, and he walks away after completing the drawing. The optical illusion involves a woman stepping into the drawing, creating the appearance of falling into the hole. There are no visual cues, editing techniques, or camera angle changes that suggest the man in the red hat falling into the hole."
1169-0,,"The video does not show anyone being ""kicked to pieces"" by the football. Instead, it shows the person in the white shirt and maroon shorts being accidentally kicked by the football, which causes them to fall. The person in black shorts and a shirt is seen bent over, possibly in pain, but the cause of this injury is not clear from the video. Therefore, the main question is based on a misunderstanding or misinterpretation of the events in the video."
1169-2,,"Yes, the referee in black and white stripes was disintegrated into pieces by the soccer ball due to video editing effects. The disintegration is clearly a staged and edited effect, not a real event, and is likely intended for comedic or dramatic purposes."
1169-1,,"The man in black and white clothes (the referee) appeared as if he was shattered by the soccer ball due to the use of visual effects or editing techniques. The ball made contact with him with significant force, causing him to fall to the ground and show signs of discomfort and shock. This dramatic effect was likely added to enhance the impact of the scene and create a more engaging visual experience."
1170-1,,"The containers did not actually ""vanish"" from the ship; they were being transferred from the ship to the ground near the shore. The person on the rocky shore is operating a crane on the cargo ship named 'KINGCARGO' using a remote control device. The crane lifts the containers from the ship and carefully places them on the ground. This transfer process is why the containers appear to ""vanish"" from the ship."
1169-3,,"No, the man in black and white clothes (the referee) was not kicked to pieces by the soccer ball because he was a mannequin. The video clearly shows that the referee is a real person who gets hit by the ball and falls to the ground. There are no visual indicators or behaviors that suggest he is a mannequin."
1170-0,,"The containers do not disappear in the video. The crane is continuously lifting the containers, and they remain visible throughout the frames. The perception of their disappearance may be due to a misunderstanding or a gap in the provided frames."
1170-2,,"No, the containers did not disappear because they were part of a Tetris-like game using post-production effects. The video clearly shows a standard shipping operation where a crane is moving and stacking containers onto a cargo ship. There are no visual effects, animations, or indications of a digital or augmented reality environment, nor any references to a game or puzzle. The containers are being moved and stacked as part of a normal loading process."
1173-0,,"The person in the back seat of the car did not actually disappear; they were obscured by a large amount of cotton candy or a similar fluffy substance that was released and quickly filled the frame. By the end of the video, the person and the drink containers were no longer visible due to the substance."
1170-3,,"No, the containers did not disappear because they fell off the ship due to instability. Instead, the video shows that the containers began to tilt and were in the process of falling off the ship due to instability. The exact cause of the instability is not clear from the video, but it could be related to the stacking or securing of the containers rather than external factors like weather or ship damage."
1173-2,,"No, the person in the back seat did not disappear due to post-production editing. The annotations clearly indicate that the person is obscured by a burst of cotton candy, which gradually covers them and the items they are holding. There are no visible signs of editing, and the person remains in the back seat throughout the video until they are completely hidden by the cotton candy."
1173-1,,"The person in the back seat did not vanish suddenly; they were simply obscured by the burst of cotton candy or a similar fluffy substance that filled the frame. The sudden appearance of this substance made it difficult to see the interior of the car clearly, causing the second person to become not visible. This event appears to be a staged prank intended for comedic effect."
1175-1,,"The technique used to make the bear on the ground appear to move in the video is called ""3D pavement art"" or ""anamorphic art."" This technique creates a perspective illusion that makes a flat drawing appear three-dimensional when viewed from a specific angle. In this video, the artist uses this method to make the bear drawing seem interactive or animated, especially when viewed from the correct perspective. The scattered playing cards around the bear add to the illusion of movement and interaction."
1175-0,,"The bear on the ground is made to move by the man in the red jacket. He manipulates the bear from behind or underneath, using his hands to guide its movements. This gives the illusion that the bear is moving independently, as it stands on its hind legs, moves forward, and sits down. The bear is a physical prop or puppet, and there are no visible mechanisms or wires suggesting the use of animatronics or CGI."
1176-0,,"The plant in the man's hand grew larger through a rapid and continuous growth process that appears to be magical or exaggerated for comedic effect. The video does not provide specific conditions or a realistic explanation for the plant's growth, suggesting that it is a fantastical and surreal scenario. The plant grows from a normal size to an enormous size, eventually engulfing the man, all within a span of about 23 seconds. This rapid growth is likely intended to be humorous or illustrative, showcasing an exaggerated depiction of plant growth."
1175-2,,"Yes, the bear on the ground is made to move through clever editing between a 3D painting and a real bear. The video uses stop-motion animation and careful camera angles to create the illusion of a 3D painting coming to life. The seamless transitions and realistic movements of the bear, along with the consistent background and interactions with real people, contribute to the convincing effect."
1176-1,,"The plant in the man's hand appeared larger because the man bent forward, bringing the plant closer to the camera. This change in distance created an optical illusion where the plant appeared larger. When he stood upright or moved away, the plant appeared smaller. This effect is a common result of perspective and distance in visual media."
1176-2,,"Yes, the plant in the man's hand appeared larger due to a visual effect created by post-production video editing techniques, specifically a camera zoom effect. This is evident from the gradual increase and subsequent decrease in the plant's size and prominence in the frames, as described in the annotations."
1176-3,,"No, the plant in the man's hand did not grow larger. Any perceived changes in the plant's size are due to changes in perspective and distance from the camera as the man moves through the doorway. The plant's size relative to the man remains consistent throughout the video."
1177-7,,A
1178-7,,A
1181-7,,B
1182-7,,D
1183-7,,A
1192-7,,B
1177-1,,"The technique used to make the man appear on a different boat suddenly is a **quick cut or edit**. This editing technique involves switching from one scene to another without a smooth transition, creating an abrupt change that can make it seem like the man has suddenly appeared on a different boat. The abrupt nature of the transition, as described in the context, confirms that this is the method used."
1177-0,,"The man suddenly appeared on the larger boat likely due to a quick cut or edit in the video. The exact method of his return is not shown, but it could involve a hidden mechanism or assistance from others. The video shows him paddling the smaller boat closer to the larger boat, and then there is a sudden transition where he is standing on the larger boat, waving his arms in celebration. The crowd's enthusiastic reaction suggests that this was a planned and surprising moment."
1177-2,,"No, the man did not appear on another boat due to video editing and visual effects. The video shows a continuous and natural sequence of events where the man remains on the same boat throughout. There are no discrepancies in lighting, shadows, or movements, and no visible signs of digital editing or visual effects."
1178-0,,"The laptop appears in the final scene of the video to complete the sequence of demonstrating different types of electronic devices. The video progresses from a smartphone to a tablet and finally to a laptop, likely to show a range of devices for educational or promotional purposes. The appearance of the laptop in the final scene emphasizes the variety of devices available and may serve to highlight the capabilities or features of each device in turn."
1177-3,,"No, the man did not swim to the other boat while using a towel as a distraction. Instead, the man on the main boat used the towel to become invisible, and the person in the small boat jumped into the water and swam towards the main boat. The sequence suggests that the man on the main boat may have switched places with the person in the small boat, using the towel as a distraction."
1178-1,,"The laptop is shown in the last part of the video as the final electronic device in a sequence of objects that the person is cutting with scissors. This suggests a pattern of intentional destruction or demonstration, possibly for a humorous, educational, or artistic purpose. The sequence of actions, from holding a damaged smartphone to cutting through a phone, tablet, and finally a laptop, indicates a deliberate and methodical approach to the destruction of these devices."
1178-3,,"Yes, the laptop in the final scene is a foldable device that unfolds from a smartphone. The video demonstrates the device's transformation from a smartphone to a tablet and finally to a laptop, with clear visual cues and on-screen text emphasizing each form."
1181-1,,"The technique used to make the Colosseum vanish in the video is **forced perspective**. This technique involves manipulating the viewer's perception of depth and distance by using objects of varying sizes and positions to create the illusion that something is farther away or closer than it actually is. In this case, the blank frame is used to gradually obscure the Colosseum, making it appear as if it has vanished. The video demonstrates this process step by step, showing the person holding the frame and adjusting its position to achieve the desired effect."
1178-2,,"Yes, the laptop in the final scene is actually a phone transformed by a visual effect filter. The video clearly shows a sequence of transformations where the object changes from a smartphone to a tablet and finally to a laptop, with visual cues and labels confirming these transformations."
1181-0,,"The Colosseum did not actually disappear; instead, it was progressively obscured by the actions of a person in the foreground of the video. Initially, the person held up a simplistic, cartoon-like painting of the Colosseum, which partially blocked the view of the real structure. Later, the person replaced the painting with a transparent frame and manipulated it by tilting, raising, and lowering it. These actions progressively obscured the view of the real Colosseum, making it appear as though the Colosseum had disappeared by the end of the sequence. While the Colosseum itself remained visible in the background, the transparent frame dominated the foreground, effectively blocking the view and creating the illusion of its disappearance."
1181-3,,"Yes, the Colosseum seemed to disappear just because of a painting held in front of it. The man in the video used an empty frame to align with the structure he was painting, creating the illusion that the Colosseum was being replaced by the painted structure. This technique effectively made it appear as though the Colosseum had disappeared, demonstrating the power of perspective and framing in visual art."
1181-2,,"No, the Colosseum did not disappear due to a visual trick or post-production effects. Instead, the video shows a person performing an optical illusion where the Colosseum appears to be inside a frame. The Colosseum remains visible throughout the video, and the illusion is created by aligning the frame with the actual Colosseum in the background. The trick is a planned event and relies on the careful positioning of the frame to create the illusion."
1182-1,,"In the final frames of the video, the ladder appears as a dark silhouette standing upright on the ground, with the clouds above it. The bright sky and the contrast between the dark ladder and the light background create the impression that the ladder is under the clouds."
1182-0,,"The ladder appears beneath the clouds in the video by being retrieved and set upright by the person. Initially, there is no ladder visible in the scene. At timestamp 6.77, a blue ladder appears. The person then picks up the ladder, sets it upright, and climbs it. By the end of the video, the ladder is positioned vertically, extending from the ground upwards into the smoke cloud, which is illuminated by blue lights. This positioning makes the ladder clearly visible beneath the clouds."
1182-2,,"The ladder in the video appears to be a physical, full-sized object and is not made to look full-sized through video editing techniques. The consistent interactions with the ladder, including climbing and standing on it, and the lack of visual inconsistencies support this conclusion."
1182-3,,"No, the ladder does not turn into a smaller size as it moves toward the clouds. The ladder maintains its size throughout the sequence, as evidenced by its consistent appearance relative to the person and the background elements."
1183-1,,"The sky did not become dark quickly at the start of the video. The room's lighting gradually changed from bright natural light to darkness over the course of the video, which is consistent with the transition from day to night. The rapid darkening perceived in the video is likely due to the passage of time and the dimming effect of the smoke from the fire, which further reduced visibility and made the room appear darker."
1183-0,,"The sky did not suddenly darken at the beginning of the video; the sudden darkening occurs around the 5.81-second mark. The exact cause of the darkening is not explicitly shown in the video. It could be due to an external event such as cloud cover, an eclipse, or an artificial means like curtains being drawn. However, without additional context or frames showing the sky or external environment, the exact reason for the darkening remains speculative."
1183-2,,"The sky darkening in the video could be due to a combination of natural lighting changes and post-production effects. The sudden and dramatic shift in lighting at timestamp 4.84 suggests that while natural changes (like clouds covering the sun) might have contributed, post-production effects likely played a role in enhancing the dramatic impact of the scene. The annotations do not provide explicit confirmation, but the nature of the transition supports this interpretation."
1192-0,,"The standing sprinkler likely appeared as part of the playful and spontaneous water activities. It could have been triggered by the water being sprayed by the person with the water gun, or it may have been intentionally placed and set to activate at a certain time to add to the fun and excitement of the scene."
1183-3,,"No, the sky did not darken because the person in the video turned off all the lights in the room. The darkening of the room was due to the curtains being closed, which blocked out the natural light. The person then used an artificial light source to illuminate the area, but the room became dark again when the light source was extinguished. The external sky remained unaffected by these actions inside the room."
1192-1,,"The sudden appearance of the standing sprinkler in the video is not explicitly explained by the provided frames. It could be part of the outdoor setup for the gathering, possibly intended to add to the fun and playfulness of the event. Alternatively, it might have been turned on by someone off-screen, but there is no direct evidence of this in the video. Therefore, the exact cause of the sprinkler's appearance remains unclear."
1192-3,,"No, the standing sprinkler did not appear suddenly because it was hidden underground and activated by the ball. The video does not show any ball or indicate that the sprinkler was hidden underground. Instead, the sprinkler appears and starts spraying water without any such trigger being shown. The most relevant entity in the video is the standing sprinkler itself, which adds to the playful and chaotic atmosphere."
1192-2,,"Based on the provided annotations and the analysis of the sub-questions, it is likely that the standing sprinkler's sudden appearance was not due to creative video editing. The scene appears to flow naturally, with no visible edits or transitions noted. The sprinkler's appearance aligns with the ongoing water play activities, suggesting it was turned on as part of the scene. Additionally, there are no inconsistencies in the background or surroundings that would indicate editing. Therefore, the sprinkler's sudden appearance is more likely a result of it being turned on during the recording of the video."
